,x_TRUE,Temperature,TempError,y_TRUE,D47error,D47,Material
1,11.18329604,11.19169029,0.008394252,0.698382423,7.71E-05,0.695944911,1
2,11.76963024,11.74798417,-0.021646074,0.686285339,1.55E-05,0.686774932,1
3,12.25252612,12.23404207,-0.018484052,0.710114987,4.65E-05,0.711586202,1
4,11.0167012,10.97465101,-0.042050196,0.682402841,6.81E-05,0.680249029,1
5,12.1973397,12.20861251,0.011272812,0.721171175,2.24E-05,0.721878655,1
6,12.05223908,12.03910981,-0.013129272,0.703604385,3.19E-05,0.702595821,1
7,12.10067091,12.07952289,-0.021148021,0.707478144,5.36E-05,0.705783222,1
8,13.00389241,13.02938471,0.025492309,0.75273067,8.16E-06,0.752988866,1
9,10.95825631,10.93398801,-0.024268299,0.655553501,4.42E-05,0.654156189,1
10,13.13594178,13.11849315,-0.017448629,0.739377331,9.91E-05,0.73624358,1
11,11.37349932,11.38862487,0.01512555,0.673579493,4.57E-05,0.675025852,1
12,11.03501917,11.04515711,0.010137934,0.680515532,0.000117513,0.684231624,1
13,11.39839512,11.42174307,0.023347956,0.697191994,5.87E-05,0.699048144,1
14,12.24715173,12.23182014,-0.015331595,0.733874464,2.34E-06,0.7338005,1
15,12.15903035,12.18474703,0.025716678,0.7170733,0.000111233,0.713555813,1
16,11.75637725,11.72284791,-0.033529342,0.704064218,8.63E-05,0.706793319,1
17,11.19110564,11.19101009,-9.56E-05,0.657976924,8.21E-05,0.655380495,1
18,11.45805764,11.46617347,0.008115828,0.702576744,0.000106166,0.69921948,1
19,13.09822982,13.10222818,0.003998358,0.765384809,6.29E-05,0.763394868,1
20,12.20086851,12.16921099,-0.031657516,0.714455585,0.000167952,0.719766693,1
21,11.51915963,11.54167168,0.022512053,0.693011379,4.35E-05,0.691636546,1
22,11.20049231,11.21938343,0.018891121,0.685935339,0.000157703,0.690922333,1
23,11.84740801,11.8650162,0.017608192,0.696012621,2.98E-05,0.695071672,1
24,10.56618821,10.56115948,-0.005028728,0.640428516,0.000124533,0.644366602,1
25,11.60151929,11.59714456,-0.004374729,0.696900495,1.66E-06,0.696847895,1
26,11.37674798,11.36716302,-0.009584959,0.692755291,0.000170411,0.687366432,1
27,13.04243688,13.00461093,-0.037825949,0.741643288,0.000109061,0.745092096,1
28,12.91232311,12.92645871,0.014135596,0.749548419,1.02E-05,0.749225137,1
29,11.96271998,11.95213946,-0.010580528,0.703727493,0.000177882,0.709352616,1
30,11.03014591,11.02103902,-0.009106886,0.666889407,7.09E-05,0.669132422,1
31,12.81471072,12.85388966,0.039178944,0.741065618,9.64E-05,0.738018234,1
32,12.77191925,12.77909714,0.007177889,0.73716624,1.72E-05,0.737710325,1
33,12.66325924,12.64854731,-0.014711929,0.723908609,8.86E-06,0.724188644,1
34,12.67095575,12.69728341,0.026327661,0.752558306,7.23E-05,0.750270678,1
35,11.71742319,11.71015644,-0.007266752,0.679562098,9.43E-05,0.676578601,1
36,12.64381456,12.66467998,0.020865418,0.745940969,6.61E-05,0.748032296,1
37,13.16483708,13.18041119,0.015574106,0.774842268,0.000117871,0.778569662,1
38,12.05935846,12.06922019,0.00986173,0.711922198,0.000136572,0.707603414,1
39,11.16809887,11.14312683,-0.024972036,0.685146163,2.90E-05,0.686063359,1
40,12.72110898,12.72599249,0.004883511,0.724246067,1.03E-05,0.724572569,1
41,12.71475489,12.72137838,0.006623494,0.765413637,8.55E-05,0.762710849,1
42,11.75391886,11.75693572,0.003016856,0.705151122,0.000128585,0.701084894,1
43,13.51390676,13.51039341,-0.003513349,0.74905309,4.82E-05,0.750576388,1
44,11.32986889,11.36692266,0.03705377,0.670637084,3.03E-05,0.669677694,1
45,12.33105012,12.36394707,0.032896952,0.721515023,2.09E-05,0.722176789,1
46,10.04158872,10.04145394,-0.000134777,0.658053493,8.51E-05,0.655363702,1
47,11.88377792,11.8933785,0.00960058,0.700941505,0.000134786,0.696679205,1
48,13.01637817,13.04252098,0.026142811,0.737457679,7.12E-06,0.737232472,1
49,11.6268408,11.66800476,0.041163961,0.698888819,2.25E-05,0.699600516,1
50,11.23827374,11.24216002,0.003886272,0.682332455,3.50E-05,0.681224801,1
51,12.66249171,12.65548858,-0.00700313,0.708490199,2.36E-05,0.707742409,1
52,11.31686423,11.34944286,0.032578628,0.686997252,6.12E-05,0.685062373,1
53,12.25979337,12.27559245,0.015799082,0.720226445,1.91E-05,0.720829148,1
54,10.50418424,10.48144642,-0.022737816,0.656192233,2.67E-05,0.655348272,1
55,10.78958624,10.78577103,-0.003815211,0.664090586,9.88E-05,0.66721342,1
56,11.628588,11.65452683,0.025938826,0.683106929,5.60E-05,0.684878609,1
57,11.11886671,11.11833156,-0.00053515,0.681896736,0.000104237,0.685193005,1
58,13.21895448,13.1855151,-0.033439384,0.767381672,0.000273422,0.776028051,1
59,12.82945388,12.81803639,-0.01141749,0.71110745,1.54E-05,0.710620077,1
60,11.3381475,11.34994667,0.011799167,0.705851117,3.39E-05,0.706922989,1
61,12.52819809,12.5015034,-0.026694689,0.723463706,0.000117994,0.719732402,1
62,12.83010158,12.79392399,-0.036177593,0.723178216,0.000133108,0.718968963,1
63,12.25033554,12.24101078,-0.009324764,0.708798874,4.09E-05,0.707504184,1
64,12.33414103,12.32397283,-0.0101682,0.723917861,1.18E-05,0.723544991,1
65,13.05445561,13.04772295,-0.006732664,0.73060746,8.59E-05,0.727891142,1
66,11.60468018,11.57044482,-0.034235355,0.698782126,1.53E-05,0.699266356,1
67,11.65900057,11.65630497,-0.002695592,0.705415115,2.61E-05,0.706239891,1
68,12.86243682,12.83333915,-0.029097679,0.757351318,3.89E-05,0.758582536,1
69,10.89681263,10.91101938,0.014206755,0.660361268,0.000172027,0.665801236,1
70,12.18894385,12.17133347,-0.017610386,0.705802403,9.94E-05,0.702660328,1
71,11.99841551,12.00841625,0.010000741,0.724261036,7.52E-05,0.726639719,1
72,12.43498405,12.42731824,-0.007665817,0.706619692,3.11E-05,0.70760461,1
73,12.92294826,12.92235885,-0.000589416,0.747034732,2.56E-05,0.746223905,1
74,12.26003279,12.26998933,0.009956546,0.719206635,7.32E-05,0.716893398,1
75,12.22891,12.24698528,0.018075279,0.744132289,2.37E-05,0.744881191,1
76,12.68066976,12.70791654,0.02724678,0.740476903,9.62E-05,0.743518053,1
77,13.09188383,13.11490829,0.023024463,0.736842288,0.000125355,0.740806361,1
78,12.36163709,12.34873904,-0.012898056,0.70977032,3.21E-05,0.710784683,1
79,11.16041805,11.09884874,-0.061569311,0.655527888,6.19E-05,0.653569242,1
80,11.88846606,11.90283676,0.014370706,0.708547013,0.000101246,0.705345327,1
81,13.54600882,13.58660385,0.040595036,0.781157139,0.000183137,0.775365849,1
82,11.71727543,11.73689107,0.019615639,0.705490843,9.08E-06,0.705778093,1
83,12.62903333,12.58436628,-0.044667059,0.729011153,6.40E-06,0.728808749,1
84,13.09831082,13.10800398,0.009693162,0.73695641,4.64E-05,0.735489566,1
85,12.72157765,12.74791714,0.026339486,0.725663715,0.000107237,0.729054853,1
86,12.02024566,11.98597797,-0.034267693,0.713209556,3.94E-05,0.714455291,1
87,12.21780756,12.18880334,-0.029004224,0.712686825,3.19E-05,0.713695987,1
88,11.24939992,11.22475936,-0.024640558,0.684499723,4.33E-05,0.685869902,1
89,12.41103956,12.37745761,-0.033581946,0.725218467,5.45E-05,0.726943476,1
90,11.24946474,11.26590597,0.016441237,0.670860349,2.27E-05,0.670141748,1
91,11.27799394,11.26331824,-0.014675691,0.690190367,4.10E-05,0.688893116,1
92,11.15871749,11.15661142,-0.002106069,0.675262741,9.89E-05,0.678388897,1
93,11.45574971,11.43231045,-0.023439262,0.703161878,1.67E-05,0.702632435,1
94,12.9490054,12.97427848,0.025273085,0.744647115,1.11E-05,0.744997014,1
95,11.68348345,11.66647072,-0.017012728,0.687992133,7.79E-05,0.690456015,1
96,11.9640269,11.96400258,-2.43E-05,0.704030236,4.03E-05,0.705303994,1
97,11.62114322,11.64158264,0.02043942,0.681243222,4.28E-05,0.679888467,1
98,12.49963507,12.50489414,0.005259072,0.742859794,0.000109342,0.746317495,1
99,12.84187259,12.88426921,0.042396615,0.735772047,2.59E-05,0.734952659,1
100,11.84255012,11.8365298,-0.006020321,0.713573095,3.74E-05,0.712391377,1
101,12.56659043,12.56097206,-0.005618371,0.730851198,7.17E-05,0.728584728,1
102,11.67104613,11.66570132,-0.005344803,0.692798428,6.24E-05,0.694770644,1
103,12.94826711,12.94904918,0.000782073,0.751407279,1.80E-05,0.75197776,1
104,12.55339429,12.53981709,-0.0135772,0.731687823,3.58E-05,0.732819251,1
105,12.91704776,12.9649959,0.047948133,0.759733491,0.000147057,0.755083133,1
106,12.55854727,12.56298137,0.004434093,0.73511223,3.10E-05,0.736091547,1
107,12.20693358,12.20794488,0.001011299,0.723586823,0.000112061,0.720043133,1
108,10.36363419,10.36377322,0.000139037,0.657444336,1.43E-05,0.65699366,1
109,11.42797922,11.39195286,-0.036026363,0.696237891,3.94E-05,0.697483827,1
110,12.44745784,12.45659857,0.009140736,0.726207768,4.76E-05,0.727714272,1
111,11.62028463,11.62659276,0.006308124,0.681790823,3.81E-05,0.680585746,1
112,11.78082777,11.76856329,-0.012264482,0.710444976,9.98E-06,0.710129353,1
113,11.66350232,11.65648619,-0.007016129,0.686326771,6.91E-05,0.688513113,1
114,13.44373112,13.43582662,-0.007904493,0.774712421,9.84E-05,0.771599841,1
115,11.39428082,11.40521787,0.010937047,0.675271769,0.000106658,0.671898953,1
116,11.62898922,11.61228207,-0.016707158,0.690640423,8.04E-05,0.693182783,1
117,12.03834137,12.02295975,-0.01538162,0.708312869,0.000144279,0.703750371,1
118,12.21484175,12.22420248,0.009360726,0.699102103,3.46E-05,0.698008015,1
119,12.19128492,12.17601106,-0.015273859,0.742950452,0.000108988,0.739503954,1
120,11.98192845,11.97537936,-0.00654909,0.701920428,0.000144036,0.697365595,1
121,10.71601546,10.71967637,0.003660901,0.64190173,6.29E-05,0.639913012,1
122,12.34804261,12.35687395,0.008831346,0.728544846,4.48E-05,0.727126661,1
123,12.47881997,12.46113849,-0.017681483,0.74954325,0.000102287,0.752777858,1
124,11.60162409,11.62706548,0.025441396,0.69825786,9.16E-05,0.701155939,1
125,12.61695955,12.62015063,0.003191079,0.70906514,1.74E-05,0.709616303,1
126,11.35802479,11.3334125,-0.024612292,0.692307051,6.75E-05,0.690172975,1
127,12.36401555,12.34695527,-0.017060283,0.713339002,0.000105863,0.716686676,1
128,11.44425299,11.44046919,-0.0037838,0.700437415,0.000104561,0.697130914,1
129,10.51550044,10.51575639,0.000255954,0.64310196,2.94E-05,0.642173525,1
130,13.0386734,13.03496133,-0.003712073,0.741380156,2.48E-05,0.740595812,1
131,12.63329594,12.59519938,-0.038096558,0.71835821,9.99E-05,0.715198857,1
132,12.15124417,12.15652722,0.005283048,0.711531551,6.41E-05,0.713559395,1
133,13.33340892,13.32009028,-0.013318635,0.745967211,0.000123875,0.742049926,1
134,10.59625029,10.60850405,0.012253759,0.670010139,0.000114668,0.666384028,1
135,12.13783385,12.15109881,0.013264956,0.739717779,7.75E-05,0.74216712,1
136,9.920484461,9.939432611,0.018948149,0.637118995,2.93E-05,0.638044412,1
137,13.29059028,13.25936788,-0.031222399,0.744230625,1.37E-05,0.744663916,1
138,11.2560311,11.24081661,-0.015214488,0.700905732,2.16E-05,0.700221754,1
139,10.88154419,10.88615614,0.004611947,0.666704991,3.58E-06,0.66681812,1
140,11.25751492,11.25550626,-0.002008661,0.685033902,0.000124183,0.688960917,1
141,11.00597268,11.00257124,-0.003401435,0.65937256,5.52E-05,0.65762667,1
142,10.28951519,10.26255282,-0.026962364,0.637324291,3.38E-05,0.636256134,1
143,11.15876136,11.17074828,0.011986916,0.665314743,6.56E-06,0.665522208,1
144,11.89299298,11.90096938,0.007976403,0.720650321,0.000114978,0.724286229,1
145,12.82511822,12.81036652,-0.014751698,0.723551032,0.000100036,0.726714446,1
146,12.38293151,12.36817575,-0.014755755,0.741551422,2.85E-05,0.740649396,1
147,10.93782423,10.91844104,-0.019383188,0.667819448,7.72E-05,0.665377725,1
148,11.46291748,11.46610078,0.003183294,0.689336555,3.08E-05,0.688361697,1
149,13.71655397,13.69284949,-0.023704472,0.752846567,3.30E-05,0.753891319,1
150,12.38514714,12.36124451,-0.023902634,0.74232721,7.65E-06,0.742569281,1
151,10.89476065,10.89932104,0.004560388,0.699255466,1.85E-05,0.699840386,1
152,14.33388976,14.34061055,0.006720785,0.807387498,2.78E-07,0.807378704,1
153,12.45248014,12.44333412,-0.009146013,0.705183836,0.000165342,0.699955269,1
154,12.7737778,12.73866328,-0.035114521,0.748676211,8.63E-06,0.748949213,1
155,12.97922049,12.96850575,-0.010714734,0.721085251,8.81E-05,0.718299197,1
156,12.22381915,12.20538361,-0.018435531,0.722067987,8.81E-06,0.721789332,1
157,12.08558888,12.07803523,-0.007553652,0.715844978,1.14E-05,0.715484329,1
158,11.16325359,11.17121543,0.007961838,0.705541961,7.95E-05,0.703028033,1
159,10.87767613,10.87748489,-0.000191245,0.676916487,4.73E-05,0.678412948,1
160,14.18411959,14.19085441,0.006734822,0.788533335,3.40E-06,0.788640879,1
161,11.44300507,11.43255757,-0.010447499,0.697905604,2.86E-05,0.698809176,1
162,12.82542991,12.83932118,0.013891265,0.739617717,1.08E-05,0.73995848,1
163,12.87080292,12.87675317,0.005950252,0.748764836,0.000139265,0.74436089,1
164,13.43430329,13.4635643,0.029261004,0.770950653,4.93E-05,0.772508554,1
165,13.63347996,13.63921854,0.005738576,0.767117778,1.97E-05,0.766495063,1
166,12.64114063,12.63336956,-0.007771071,0.741151041,7.36E-06,0.741383847,1
167,13.09257191,13.10120749,0.008635579,0.748368595,1.82E-06,0.748426021,1
168,11.04164513,11.04263992,0.000994793,0.689121091,9.34E-05,0.686166509,1
169,12.61124387,12.58419103,-0.027052839,0.742194768,5.59E-06,0.742371576,1
170,13.09130834,13.1167427,0.02543436,0.739248634,4.50E-05,0.740672598,1
171,12.23131807,12.21478793,-0.01653014,0.735527836,0.000132507,0.739718069,1
172,11.65911718,11.66027137,0.001154193,0.701460988,6.35E-05,0.703468551,1
173,12.2345105,12.26656055,0.032050054,0.725778582,6.77E-05,0.723638275,1
174,11.54359332,11.53478407,-0.008809255,0.688835709,3.59E-06,0.688949118,1
175,11.58737556,11.60407476,0.016699206,0.701016466,1.79E-05,0.700449334,1
176,13.04531133,13.02246094,-0.022850392,0.747329341,0.000105309,0.743999183,1
177,13.91388834,13.93378587,0.019897531,0.785979314,1.37E-06,0.785936015,1
178,10.5288029,10.53863996,0.009837067,0.675576883,1.28E-06,0.675617345,1
179,10.62369299,10.6115419,-0.012151095,0.665702278,4.96E-05,0.667271343,1
180,11.11618459,11.09486829,-0.021316292,0.65858248,1.25E-05,0.658978664,1
181,12.30885175,12.26627182,-0.042579932,0.70308837,0.00011803,0.706820819,1
182,11.2473123,11.2758508,0.028538503,0.668646991,0.000129247,0.672734136,1
183,12.37067694,12.34967127,-0.021005666,0.70945505,9.96E-05,0.7063069,1
184,12.23304019,12.24078994,0.007749746,0.7318146,1.97E-05,0.731191368,1
185,11.64878136,11.63948962,-0.009291742,0.6950449,7.58E-05,0.697442744,1
186,11.54591889,11.5211659,-0.02475299,0.690463759,4.28E-05,0.691817039,1
187,10.86769329,10.8482827,-0.019410591,0.680068075,8.94E-05,0.682895045,1
188,12.62332834,12.63011479,0.006786448,0.740513343,3.58E-05,0.739382142,1
189,13.92024083,13.90806049,-0.012180336,0.791464571,8.28E-05,0.78884521,1
190,11.66089257,11.64160625,-0.019286329,0.683979893,9.27E-05,0.681049293,1
191,10.83697877,10.83486435,-0.002114423,0.676106645,6.44E-05,0.674070982,1
192,11.43792626,11.43427668,-0.003649586,0.685488523,2.48E-05,0.684703119,1
193,12.59511691,12.57782987,-0.017287039,0.725628214,4.33E-05,0.726998784,1
194,12.70142746,12.70883001,0.007402547,0.732591669,4.63E-05,0.731126454,1
195,14.37031543,14.36594394,-0.00437148,0.778042643,0.000140748,0.773591804,1
196,10.82510724,10.82867976,0.003572513,0.678267949,0.000131,0.682410525,1
197,12.07644476,12.03796534,-0.038479414,0.707439891,2.98E-05,0.706496183,1
198,11.85324209,11.82637132,-0.026870769,0.67687269,6.44E-05,0.678909113,1
199,10.92089023,10.93495148,0.014061248,0.66209887,5.88E-05,0.663957556,1
200,11.44562008,11.45533013,0.009710049,0.658748601,7.63E-06,0.658507243,1
201,10.85884612,10.84741381,-0.011432307,0.638957577,0.000197837,0.645213731,1
202,12.26876128,12.28518665,0.016425374,0.710288957,3.69E-05,0.711455897,1
203,12.97667262,12.97156796,-0.00510466,0.749166982,4.15E-05,0.747855423,1
204,10.5869964,10.59762284,0.010626444,0.673814897,6.20E-05,0.675776569,1
205,11.62540933,11.62987266,0.004463331,0.695340595,7.78E-05,0.692880412,1
206,13.30569394,13.30520052,-0.000493418,0.770266536,3.21E-05,0.771282592,1
207,10.56088221,10.54228479,-0.018597428,0.671916588,1.37E-05,0.671483346,1
208,13.3932175,13.39398839,0.000770885,0.756365807,7.92E-05,0.758871071,1
209,10.71781017,10.71587393,-0.001936244,0.670938336,2.97E-05,0.671876418,1
210,10.99014632,11.00645701,0.016310694,0.681754834,3.40E-06,0.681862205,1
211,11.71351907,11.69583228,-0.017686788,0.705309298,3.22E-06,0.705411233,1
212,11.22384433,11.23392289,0.010078558,0.700648938,1.84E-05,0.700065563,1
213,12.76991786,12.75874049,-0.011177363,0.749684954,4.03E-05,0.750959356,1
214,11.59700654,11.59375874,-0.0032478,0.706311396,3.62E-05,0.705165736,1
215,12.66349401,12.6895201,0.026026091,0.745704245,1.34E-06,0.745746638,1
216,11.48339707,11.4875403,0.004143229,0.690053485,6.65E-05,0.687950485,1
217,12.32693148,12.32790427,0.000972784,0.744901693,5.67E-06,0.745081067,1
218,13.61440801,13.62449428,0.010086268,0.76383969,2.84E-05,0.764738213,1
219,13.2987349,13.31805038,0.019315483,0.776956267,8.55E-05,0.774252097,1
220,12.38710047,12.397509,0.010408532,0.74634409,4.44E-05,0.744939765,1
221,12.20276426,12.2006689,-0.002095366,0.72064909,2.79E-05,0.71976821,1
222,13.50117297,13.50528257,0.004109602,0.770523101,4.08E-05,0.769232016,1
223,11.18076376,11.15730977,-0.02345399,0.671777357,6.27E-05,0.669795819,1
224,12.60583525,12.62400041,0.018165157,0.723850868,6.73E-05,0.725980523,1
225,11.54117952,11.55001739,0.008837871,0.69585136,0.000115573,0.692196626,1
226,14.16673288,14.177367,0.010634117,0.789476994,3.35E-05,0.788417765,1
227,11.75902825,11.77430919,0.015280947,0.680573346,5.27E-06,0.680740078,1
228,11.92304925,11.89957775,-0.023471502,0.726879285,0.000131895,0.731050175,1
229,12.87497619,12.86948911,-0.005487084,0.736119142,4.35E-06,0.736256632,1
230,12.54345754,12.56257699,0.019119448,0.737749879,7.16E-05,0.735485585,1
231,10.96692686,10.96448136,-0.0024455,0.687110653,7.77E-05,0.689569213,1
232,11.76139441,11.76034811,-0.001046301,0.70439594,3.01E-06,0.704300633,1
233,12.37731757,12.37205727,-0.005260302,0.705792037,3.97E-06,0.705917589,1
234,10.54701178,10.55351951,0.006507735,0.640573573,7.32E-05,0.638258971,1
235,11.40134341,11.42899373,0.027650318,0.693910932,2.78E-05,0.693031567,1
236,11.80311186,11.7886797,-0.014432155,0.711486341,0.000122092,0.707625442,1
237,11.14858113,11.14932457,0.000743435,0.670914063,0.000140746,0.666463273,1
238,11.21643402,11.21514921,-0.001284811,0.677864341,6.25E-05,0.679840865,1
239,12.41146461,12.40919684,-0.002267773,0.721064303,1.41E-05,0.720619114,1
240,11.73959485,11.72565618,-0.013938672,0.680057445,1.87E-05,0.680648553,1
241,11.7854401,11.76516296,-0.020277139,0.702480621,0.000142866,0.706998436,1
242,13.15063355,13.12776732,-0.022866229,0.735279901,0.000188031,0.729333831,1
243,12.29231262,12.28576713,-0.006545489,0.714747594,9.50E-05,0.711743002,1
244,13.14147216,13.141057,-0.000415158,0.745454711,5.94E-06,0.745266765,1
245,12.93105056,12.96376799,0.03271743,0.73094873,9.85E-06,0.730637226,1
246,12.6086635,12.6208738,0.0122103,0.746624228,3.11E-05,0.7456396,1
247,11.75140943,11.73955777,-0.011851659,0.690867954,0.000145917,0.695482265,1
248,12.43233829,12.39488388,-0.037454413,0.722984863,8.38E-05,0.725634824,1
249,12.44506439,12.45461608,0.009551686,0.733688186,0.00014432,0.738251996,1
250,14.24734245,14.23718898,-0.010153475,0.800532597,4.65E-05,0.799062465,1
251,11.55719176,11.55585191,-0.00133985,0.679597022,5.96E-05,0.681480247,1
252,13.22417776,13.23879361,0.014615851,0.761128994,3.20E-05,0.762141983,1
253,12.15009493,12.17237003,0.022275098,0.697342869,9.10E-05,0.70022193,1
254,11.34018589,11.33604524,-0.004140648,0.677020612,4.63E-06,0.677166961,1
255,13.67387578,13.66190455,-0.011971228,0.771534713,5.91E-05,0.769664357,1
256,12.51015866,12.52684412,0.01668546,0.728408382,1.06E-05,0.728742365,1
257,10.40994364,10.41156401,0.001620369,0.65503776,6.37E-05,0.657053021,1
258,11.54383882,11.52316382,-0.020674999,0.683681491,7.17E-05,0.681414835,1
259,12.00306719,12.01127572,0.008208532,0.699717092,0.000168122,0.694400602,1
260,10.13456613,10.1751843,0.040618175,0.645342646,9.04E-05,0.64248476,1
261,13.57672213,13.57790132,0.001179194,0.772904363,0.000115983,0.776572066,1
262,12.69195224,12.67852406,-0.013428187,0.735399976,4.25E-05,0.73674245,1
263,11.60144244,11.58130158,-0.020140861,0.700929381,0.00016307,0.706086114,1
264,11.61175962,11.62875116,0.016991544,0.711313795,1.26E-05,0.711711437,1
265,12.31636509,12.31532302,-0.001042071,0.729562014,1.56E-05,0.729070006,1
266,11.17421525,11.1696714,-0.004543847,0.676674312,8.42E-05,0.679336306,1
267,11.56053672,11.54353403,-0.017002686,0.712921586,5.74E-05,0.711106378,1
268,12.0801915,12.07376239,-0.006429114,0.736584294,4.41E-05,0.735191157,1
269,12.11653544,12.11633933,-0.000196111,0.699788828,6.27E-05,0.701771948,1
270,13.05048075,13.04987141,-0.000609345,0.789839418,4.40E-08,0.789840809,1
271,12.37112384,12.37287659,0.001752746,0.708469633,2.45E-05,0.707694913,1
272,11.90839326,11.89053414,-0.017859118,0.697805263,2.92E-05,0.696881618,1
273,11.69312051,11.70070183,0.00758132,0.724513375,8.18E-05,0.721927781,1
274,13.14583758,13.12665756,-0.019180016,0.765066254,7.11E-06,0.764841512,1
275,11.41330835,11.41354236,0.000234013,0.691865839,5.68E-05,0.690068584,1
276,12.52008056,12.49218332,-0.027897233,0.718632846,4.13E-05,0.71993749,1
277,12.29120038,12.25338616,-0.037814217,0.706762585,5.05E-05,0.705166397,1
278,12.21455843,12.19902434,-0.015534091,0.729609337,7.82E-05,0.727135888,1
279,12.83256005,12.81913437,-0.013425678,0.739086458,2.99E-05,0.740033157,1
280,11.24844682,11.21183519,-0.036611625,0.687307207,6.56E-05,0.689381723,1
281,12.02331953,11.98429589,-0.039023635,0.717020979,4.13E-05,0.715715142,1
282,11.85490094,11.88560826,0.030707313,0.698709761,2.41E-05,0.699471518,1
283,10.06849827,10.07966944,0.011171174,0.620987047,5.66E-05,0.619197784,1
284,12.44481662,12.429231,-0.01558562,0.702870532,0.000141683,0.707350941,1
285,13.44716946,13.46811452,0.020945068,0.781853579,2.27E-05,0.782571866,1
286,10.97821223,10.97366385,-0.004548376,0.66939876,4.48E-05,0.667981769,1
287,13.4794176,13.49099697,0.011579379,0.791627063,0.000131262,0.795777942,1
288,12.20501487,12.21383099,0.008816124,0.720077666,1.28E-05,0.720483365,1
289,13.23982977,13.25047996,0.010650189,0.748052232,8.73E-05,0.745291266,1
290,11.27449617,11.27928501,0.00478884,0.695713012,2.66E-06,0.695628952,1
291,12.62660011,12.60380618,-0.022793928,0.730167865,4.81E-05,0.731687344,1
292,11.5163753,11.49967916,-0.016696142,0.698854809,2.14E-05,0.698176772,1
293,11.42625363,11.40405725,-0.022196378,0.665915301,3.92E-05,0.667156299,1
294,12.35735795,12.3866137,0.029255744,0.724656611,8.04E-05,0.72211523,1
295,13.17587292,13.17045556,-0.005417351,0.7431896,0.000135446,0.747472774,1
296,12.30090497,12.3001298,-0.000775166,0.71336132,4.78E-05,0.714874415,1
297,11.58598953,11.58568065,-0.000308871,0.695791301,1.07E-05,0.696129627,1
298,13.1225807,13.12165952,-0.000921182,0.771174755,9.56E-05,0.774198345,1
299,11.76031972,11.7482842,-0.012035523,0.691818903,0.000145157,0.687228642,1
300,12.73641151,12.7371002,0.00068869,0.718734633,1.82E-05,0.718159623,1
301,10.92276363,10.93368805,0.010924413,0.680899127,4.72E-05,0.682392632,1
302,12.69415409,12.69700061,0.002846521,0.756665322,0.000141128,0.752202459,1
303,11.32210856,11.3542776,0.032169036,0.691931612,7.04E-05,0.694158443,1
304,11.69355115,11.71697324,0.023422096,0.67809784,5.19E-05,0.676456745,1
305,10.82894118,10.8323544,0.003413228,0.656012595,0.000107447,0.659410372,1
306,15.10840757,15.09751828,-0.010889292,0.808398554,0.000149417,0.813123529,1
307,10.96325675,10.95892367,-0.004333082,0.675477948,2.21E-05,0.674780468,1
308,12.19609109,12.17458229,-0.021508806,0.732225772,0.000124873,0.728276935,1
309,12.10850838,12.12911027,0.020601891,0.725395937,8.16E-05,0.727975011,1
310,11.25638289,11.26372068,0.007337798,0.694815309,1.94E-05,0.694201853,1
311,12.25396929,12.24096672,-0.013002572,0.754373526,5.89E-05,0.756234927,1
312,12.60193914,12.60984986,0.007910727,0.717148082,5.97E-05,0.71903724,1
313,12.6966147,12.69187323,-0.004741469,0.752499411,0.000105718,0.755842499,1
314,10.06790115,10.07310983,0.005208685,0.640549627,0.000102973,0.637293344,1
315,11.23506812,11.2220395,-0.01302862,0.681208801,7.30E-05,0.678900025,1
316,11.88011792,11.89096003,0.010842107,0.710259023,0.000105524,0.706922068,1
317,11.96848258,11.98989814,0.021415562,0.689506217,5.50E-06,0.689332309,1
318,11.58296518,11.58580755,0.002842376,0.705412509,0.000185436,0.711276497,1
319,12.48157265,12.45615664,-0.025416013,0.728718587,1.06E-05,0.729055153,1
320,12.05712445,12.02533359,-0.031790858,0.734125313,0.00012608,0.7381123,1
321,11.22818053,11.25209321,0.02391268,0.65559042,0.000142483,0.66009612,1
322,12.82672666,12.82459862,-0.002128046,0.744441427,0.000129979,0.74855173,1
323,11.73093,11.72041674,-0.01051326,0.695290087,4.98E-05,0.696864338,1
324,12.10885631,12.13353175,0.024675448,0.70841705,0.000120845,0.704595602,1
325,13.88908615,13.88544659,-0.003639554,0.754239771,8.11E-05,0.751675436,1
326,12.19804186,12.20637816,0.008336299,0.726380649,7.34E-05,0.724060427,1
327,11.17832853,11.19087343,0.012544899,0.682020161,8.14E-05,0.684593053,1
328,11.77631202,11.78675803,0.010446005,0.715503502,4.88E-05,0.717046039,1
329,12.16989177,12.16827392,-0.001617852,0.735205506,5.11E-05,0.733590595,1
330,11.05196588,11.04407719,-0.007888683,0.676795624,5.90E-05,0.674929207,1
331,10.33592287,10.29725793,-0.038664945,0.638428482,8.41E-05,0.63576911,1
332,11.61395204,11.60535532,-0.008596719,0.699506399,2.63E-05,0.700337446,1
333,12.49392382,12.50318044,0.009256614,0.709031357,2.05E-05,0.709678118,1
334,11.21910588,11.20138327,-0.017722605,0.694304729,6.28E-05,0.692319569,1
335,12.62529702,12.65183108,0.026534066,0.737229741,0.00010708,0.733843563,1
336,13.35904231,13.36506478,0.006022469,0.734453703,2.94E-05,0.733523727,1
337,12.19631531,12.2134366,0.017121285,0.696698623,5.39E-05,0.694994732,1
338,13.51245265,13.50315974,-0.009292907,0.751076882,1.42E-05,0.750627935,1
339,12.26941344,12.25559027,-0.013823179,0.699357801,3.32E-05,0.700407283,1
340,11.52570546,11.51548505,-0.010220403,0.687282024,9.81E-05,0.684180535,1
341,11.88756692,11.89292298,0.005356058,0.694167522,1.29E-05,0.694573973,1
342,14.20538996,14.19211007,-0.013279893,0.797140804,4.60E-05,0.798594616,1
343,12.96426571,12.92129859,-0.042967116,0.740906912,1.69E-05,0.740372155,1
344,12.32560321,12.33126748,0.005664268,0.734594672,0.000155232,0.729685795,1
345,12.21971421,12.20530948,-0.014404729,0.734001518,4.04E-05,0.735279771,1
346,12.08573245,12.08927196,0.003539514,0.709815786,0.000109688,0.706347133,1
347,12.2951241,12.29353002,-0.001594077,0.719502467,0.000197648,0.725752659,1
348,13.34726592,13.3701706,0.022904674,0.75383744,1.02E-05,0.75351566,1
349,12.56526974,12.58340689,0.018137149,0.714553273,7.86E-06,0.714801829,1
350,12.10451987,12.13395335,0.02943348,0.718808669,7.96E-05,0.716290445,1
351,9.925048774,9.923464105,-0.001584669,0.622308132,7.43E-05,0.619958336,1
352,12.06772793,12.07938565,0.011657722,0.702470881,0.000124138,0.706396466,1
353,12.32028148,12.30125738,-0.019024107,0.723745934,2.24E-05,0.72445321,1
354,12.4067349,12.40930932,0.002574419,0.720605828,2.74E-06,0.720692518,1
355,12.21068912,12.20280172,-0.0078874,0.700214283,4.93E-05,0.701772526,1
356,12.12289754,12.11484731,-0.008050226,0.733904617,2.50E-05,0.73469507,1
357,10.27990198,10.29644761,0.016545632,0.659521092,2.30E-05,0.658793528,1
358,13.34409678,13.31254658,-0.031550191,0.784915867,6.85E-05,0.782749821,1
359,12.33605974,12.34036798,0.00430824,0.72840016,2.92E-05,0.727475778,1
360,12.40672793,12.44570467,0.03897674,0.73308483,0.000138918,0.737477787,1
361,12.69875836,12.70621537,0.007457007,0.751215432,8.01E-06,0.750962148,1
362,12.38469956,12.37947978,-0.005219779,0.722938511,3.39E-06,0.723045754,1
363,10.29450438,10.27130417,-0.02320021,0.659546529,4.21E-05,0.658216681,1
364,11.07324276,11.05521444,-0.018028314,0.674400513,4.49E-05,0.672979574,1
365,12.95856787,12.94842298,-0.01014489,0.743907028,9.00E-06,0.74419178,1
366,13.88293892,13.89580848,0.012869559,0.777853161,3.19E-05,0.77886325,1
367,11.58279042,11.60773817,0.02494775,0.694734701,0.000108856,0.698177041,1
368,12.3823335,12.38745034,0.005116838,0.702296091,6.30E-05,0.70428736,1
369,13.81271208,13.83433887,0.021626794,0.773796804,5.40E-05,0.772089355,1
370,11.85598553,11.87933342,0.023347894,0.703070254,9.16E-05,0.70017249,1
371,13.22603175,13.23959811,0.013566355,0.73508101,0.000213643,0.728325014,1
372,11.57445202,11.59507574,0.020623722,0.695646977,4.26E-05,0.694301122,1
373,11.39675341,11.42590478,0.029151377,0.694869304,9.40E-06,0.694571998,1
374,11.870607,11.83565078,-0.034956223,0.719102289,0.00012765,0.723138928,1
375,11.6741127,11.67488236,0.000769664,0.702622142,2.46E-05,0.703401057,1
376,12.75274854,12.71189713,-0.04085141,0.734330089,2.31E-05,0.735061962,1
377,11.33756551,11.34168605,0.004120544,0.673631783,0.000110976,0.670122428,1
378,11.2038203,11.19246081,-0.011359498,0.691752986,4.95E-05,0.690188658,1
379,12.39181047,12.39036602,-0.001444451,0.751311734,1.91E-06,0.75125121,1
380,13.86357742,13.84344361,-0.020133808,0.798034035,4.85E-07,0.798049378,1
381,11.63269499,11.62229146,-0.010403536,0.703040367,2.34E-05,0.703780738,1
382,11.06649068,11.06830216,0.001811478,0.707135072,8.05E-05,0.709680308,1
383,11.56252629,11.58853473,0.026008445,0.705372856,0.0001954,0.711551949,1
384,11.60122251,11.60962153,0.008399017,0.710537206,5.19E-05,0.708895218,1
385,12.13775591,12.09832699,-0.039428923,0.735607996,6.12E-06,0.735801528,1
386,11.96044735,11.95459896,-0.005848384,0.709571463,6.66E-05,0.707464312,1
387,11.71126341,11.68363494,-0.027628461,0.696466425,1.95E-05,0.697083823,1
388,10.2315894,10.25647211,0.02488271,0.664148471,2.99E-05,0.663201527,1
389,11.36789494,11.39582659,0.027931646,0.691620165,0.000147542,0.696285845,1
390,10.64072015,10.6694183,0.028698152,0.67126475,7.93E-05,0.673771564,1
391,11.77203867,11.77094322,-0.001095451,0.710633298,9.31E-05,0.713577946,1
392,11.41977055,11.42239391,0.002623361,0.678478773,4.66E-05,0.677006012,1
393,11.87520928,11.89438682,0.019177542,0.711555864,4.63E-05,0.710092041,1
394,11.8309097,11.82908225,-0.001827457,0.693601434,2.20E-05,0.694296773,1
395,12.83101696,12.87049966,0.039482701,0.72008693,9.74E-05,0.717007776,1
396,11.05354717,11.05444969,0.000902526,0.678098044,7.85E-06,0.67784991,1
397,11.44698085,11.46912556,0.022144708,0.70214539,0.000118341,0.705887663,1
398,11.26051407,11.27177676,0.011262685,0.688262478,0.000118102,0.691997193,1
399,11.9095255,11.90338739,-0.006138109,0.702404016,0.000141592,0.706881545,1
400,12.29343143,12.29197758,-0.001453849,0.696905254,6.33E-05,0.694905002,1
401,13.92116315,13.88983144,-0.031331717,0.767944384,0.000132461,0.772133163,1
402,12.79697705,12.79813988,0.001162832,0.747040313,9.74E-05,0.743960591,1
403,12.46828485,12.47174572,0.00346087,0.718201397,1.67E-05,0.718728521,1
404,12.12271948,12.11021241,-0.012507072,0.71890067,2.00E-05,0.719533827,1
405,11.76933869,11.75288308,-0.016455603,0.724744041,7.94E-05,0.722233146,1
406,12.7023286,12.70112445,-0.001204155,0.753561645,4.44E-06,0.753701897,1
407,13.89046439,13.8910874,0.000623012,0.778465856,8.29E-05,0.781087911,1
408,12.50581867,12.53493166,0.029112995,0.744042999,1.31E-05,0.744458219,1
409,13.36784551,13.37649662,0.008651106,0.764911395,0.000100447,0.768087794,1
410,13.4854803,13.47476428,-0.010716023,0.773937202,0.00011339,0.777522911,1
411,11.60717328,11.59263938,-0.014533895,0.694036663,6.15E-06,0.693842329,1
412,11.70292528,11.71259729,0.009672002,0.679677068,2.58E-05,0.680493071,1
413,11.57374361,11.60353968,0.029796073,0.696950815,1.93E-05,0.69756074,1
414,12.37353124,12.41350622,0.039974975,0.722867515,8.06E-06,0.722612702,1
415,11.75005735,11.7658912,0.015833853,0.674449471,0.000144003,0.669895692,1
416,11.42613372,11.39702099,-0.029112737,0.679462324,2.88E-05,0.678551115,1
417,13.45553936,13.47610374,0.020564377,0.765300566,5.02E-05,0.763714292,1
418,11.4262704,11.42557882,-0.000691582,0.704488634,0.000129119,0.708571733,1
419,11.7516294,11.74113304,-0.010496366,0.696467496,4.17E-05,0.697787504,1
420,11.46524892,11.43828481,-0.026964106,0.666463371,0.000197089,0.672695875,1
421,12.58231661,12.58379845,0.00148184,0.73480122,5.56E-05,0.736559309,1
422,12.0476182,12.06358435,0.015966145,0.716771347,1.59E-05,0.717272639,1
423,12.22522782,12.19274055,-0.032487262,0.72431871,2.18E-05,0.723630007,1
424,11.81032234,11.81559978,0.005277441,0.680715123,6.62E-05,0.678620364,1
425,12.04707117,12.0611333,0.014062132,0.707183909,3.36E-05,0.708245152,1
426,10.93572374,10.9115335,-0.024190237,0.668410005,4.07E-05,0.669697138,1
427,10.96954042,10.99104797,0.021507547,0.681514363,0.000159345,0.676475438,1
428,12.26505651,12.26952748,0.004470967,0.716509161,0.000161046,0.711416442,1
429,13.54064727,13.53814695,-0.002500318,0.772581766,9.96E-05,0.775729978,1
430,11.09306305,11.08240539,-0.010657666,0.673831988,9.74E-06,0.673524071,1
431,11.92623155,11.95650514,0.030273587,0.699004006,3.74E-05,0.700185937,1
432,11.46199161,11.45156757,-0.010424038,0.695571279,3.17E-05,0.6965725,1
433,12.84976747,12.84837551,-0.001391959,0.73539723,0.000151188,0.730616234,1
434,13.70653935,13.73887973,0.032340377,0.771415068,4.55E-05,0.772854796,1
435,11.14465822,11.16240117,0.017742947,0.690110332,0.000100553,0.686930567,1
436,12.5050432,12.49770468,-0.007338514,0.732241271,8.96E-05,0.729406453,1
437,12.05550016,12.07455573,0.019055576,0.719966223,1.35E-05,0.720392174,1
438,11.74921896,11.70954418,-0.039674778,0.704379534,3.59E-05,0.705513468,1
439,12.27858973,12.26313065,-0.015459078,0.740816045,7.42E-05,0.738471189,1
440,11.72420039,11.71039205,-0.01380834,0.721670202,5.89E-05,0.719806065,1
441,12.12801099,12.1286703,0.000659303,0.723313674,5.72E-05,0.721503751,1
442,12.50143741,12.49085336,-0.010584054,0.720087601,9.54E-07,0.720057439,1
443,13.02783717,13.02334807,-0.004489107,0.765985659,1.03E-05,0.765659202,1
444,10.90071719,10.91470865,0.013991462,0.689443699,1.29E-07,0.689447772,1
445,12.83151667,12.82950642,-0.002010245,0.735334474,5.44E-05,0.737054333,1
446,11.28476315,11.27044447,-0.01431868,0.713719989,1.64E-06,0.713668146,1
447,10.78268491,10.75528913,-0.027395773,0.660768721,6.64E-05,0.658669449,1
448,9.690969002,9.687034584,-0.003934418,0.616725649,2.49E-05,0.615939617,1
449,12.75732299,12.75301828,-0.00430471,0.745312829,4.35E-05,0.74393774,1
450,14.10825895,14.11514923,0.006890282,0.792900975,0.000204991,0.799383359,1
451,12.03808959,12.04142914,0.003339552,0.704388206,7.85E-07,0.704363373,1
452,10.59513744,10.62349143,0.028353986,0.672375127,0.000138987,0.676770279,1
453,12.45410947,12.45722194,0.003112462,0.746178667,0.000132315,0.750362838,1
454,11.13315428,11.15664957,0.023495296,0.652662168,2.56E-05,0.651852736,1
455,12.98106932,12.96623459,-0.014834723,0.757487968,1.79E-05,0.756922961,1
456,11.02779192,11.01687781,-0.010914106,0.685426609,9.19E-06,0.685717353,1
457,12.01207944,12.01513114,0.003051703,0.695961598,9.32E-05,0.693014977,1
458,12.28642613,12.28325153,-0.003174604,0.717934885,1.11E-05,0.717584914,1
459,14.82925034,14.84215793,0.012907589,0.823744991,5.61E-05,0.825520544,1
460,12.10402255,12.11764477,0.013622213,0.708185783,7.72E-05,0.705743368,1
461,12.52596819,12.53500106,0.009032867,0.714990213,5.94E-05,0.716869682,1
462,12.48892926,12.52187826,0.032949,0.719442062,4.92E-05,0.720996842,1
463,11.63966501,11.6789773,0.039312291,0.704597888,3.19E-05,0.705605299,1
464,11.43655381,11.46473664,0.028182831,0.67181664,5.68E-05,0.670019055,1
465,13.9128166,13.93377696,0.02096036,0.782900689,2.45E-05,0.783674777,1
466,12.54600911,12.51513791,-0.030871203,0.717695949,0.000118127,0.721431457,1
467,11.68945207,11.68002842,-0.009423645,0.697446192,2.07E-05,0.696791329,1
468,12.65631169,12.64997727,-0.00633442,0.737373672,0.000205242,0.730883343,1
469,13.5220426,13.49195046,-0.030092145,0.802969005,8.90E-06,0.802687424,1
470,12.96763492,12.97349144,0.005856515,0.738609899,5.87E-06,0.738424329,1
471,12.70679602,12.72031437,0.013518351,0.727720237,0.000177991,0.722091668,1
472,12.07157554,12.10382978,0.03225424,0.698037562,3.21E-05,0.699051488,1
473,11.07664202,11.06474793,-0.011894088,0.686668024,3.45E-05,0.685577025,1
474,12.01809637,12.02091989,0.002823522,0.712693206,7.42E-05,0.715039234,1
475,13.80449382,13.78498386,-0.019509959,0.77088236,0.000108022,0.76746642,1
476,11.05068871,11.05261417,0.001925465,0.673061153,3.99E-05,0.674322188,1
477,13.0228659,13.00787524,-0.014990663,0.741999621,1.43E-05,0.741548962,1
478,11.48726905,11.50034578,0.013076727,0.690877374,6.16E-05,0.688928524,1
479,10.1045348,10.13208738,0.027552579,0.64331939,3.69E-05,0.644486309,1
480,10.96103383,10.95200455,-0.00902928,0.685090903,2.91E-05,0.68601138,1
481,11.98615216,12.00733164,0.021179483,0.692533061,3.66E-05,0.693688914,1
482,13.4262535,13.44684261,0.020589114,0.750336522,0.000123893,0.754254373,1
483,12.83828773,12.89688374,0.058596009,0.757318481,7.27E-05,0.759618587,1
484,12.75222386,12.75268325,0.000459394,0.75909966,4.40E-05,0.757709323,1
485,12.92330405,12.90828443,-0.015019623,0.730703486,1.96E-05,0.731324495,1
486,11.6087166,11.60583206,-0.002884539,0.675168847,1.02E-05,0.674845004,1
487,13.46133835,13.47478544,0.013447095,0.762351603,0.000217451,0.755475189,1
488,11.47224009,11.44055501,-0.03168508,0.692773666,9.24E-05,0.695695826,1
489,10.81744561,10.8291034,0.011657794,0.661575327,3.73E-05,0.660396764,1
490,11.80034803,11.80715079,0.006802757,0.681310832,2.58E-06,0.681392491,1
491,13.49734162,13.44322439,-0.054117223,0.749865005,5.81E-05,0.748026612,1
492,9.795936465,9.824250283,0.028313818,0.647864899,0.000143738,0.652410299,1
493,12.03643333,12.00940439,-0.027028932,0.688275456,4.39E-06,0.688136768,1
494,13.74342782,13.7166866,-0.026741228,0.780244402,4.21E-05,0.778914004,1
495,11.68783891,11.66708414,-0.02075477,0.713274144,7.59E-05,0.710874739,1
496,12.82358606,12.81677564,-0.00681042,0.737356133,1.31E-06,0.737397582,1
497,10.75743576,10.72261047,-0.034825286,0.676916264,0.000125724,0.680892012,1
498,11.0434313,11.0467635,0.003332203,0.676834527,4.74E-05,0.675335911,1
499,11.1730616,11.17933891,0.006277314,0.655562089,4.64E-06,0.655415273,1
500,11.9670045,11.96717448,0.000169983,0.704335426,2.89E-05,0.703420902,1
501,10.15156599,10.158432,0.006866007,0.641350974,1.16E-05,0.641717519,1
502,10.91917205,10.92220726,0.003035206,0.659711686,0.00014757,0.655045103,1
503,12.09882297,12.07738788,-0.021435091,0.726122227,3.34E-05,0.727179524,1
504,12.1908075,12.20297942,0.012171915,0.719927275,0.000126195,0.715936644,1
505,12.19211177,12.21010005,0.017988282,0.696115831,6.50E-05,0.694061169,1
506,12.21646281,12.2294254,0.012962589,0.697619404,9.50E-06,0.697319124,1
507,11.45755721,11.42694357,-0.03061364,0.692737872,5.21E-05,0.694386398,1
508,12.2490104,12.24121752,-0.007792881,0.729905366,1.69E-05,0.729371502,1
509,11.61520531,11.61505841,-0.0001469,0.707021076,6.32E-05,0.705020971,1
510,10.98133396,11.01966702,0.038333052,0.705445976,0.000151033,0.700669888,1
511,12.13203733,12.13446297,0.002425639,0.713410144,0.000148664,0.708708976,1
512,11.11848011,11.10990997,-0.00857013,0.701671756,8.58E-05,0.698959427,1
513,11.85777856,11.8596869,0.001908334,0.719016134,0.000160617,0.724095284,1
514,11.17575198,11.16912964,-0.006622344,0.688179165,1.06E-05,0.688515631,1
515,12.07645596,12.09044396,0.013987997,0.720710267,2.25E-05,0.721420315,1
516,10.17709781,10.18755556,0.010457753,0.634743266,3.52E-05,0.633631061,1
517,12.88263812,12.90557942,0.0229413,0.7352943,0.000161778,0.740410179,1
518,12.35083146,12.32440371,-0.02642775,0.715451374,2.68E-05,0.716298826,1
519,12.6572994,12.66258898,0.005289575,0.721768477,9.04E-05,0.718909724,1
520,13.67219068,13.66606656,-0.006124117,0.767145467,1.02E-05,0.767469073,1
521,11.67872024,11.66804766,-0.010672573,0.692454429,0.000195196,0.686281797,1
522,12.12248539,12.10321334,-0.019272047,0.724609297,0.000133096,0.720400417,1
523,11.50632142,11.52790534,0.021583913,0.672689044,4.67E-07,0.672703805,1
524,12.39340023,12.36597729,-0.027422936,0.749853066,7.67E-05,0.75227828,1
525,11.54784095,11.5346392,-0.013201753,0.696987772,5.49E-05,0.698724361,1
526,13.04270466,13.06176534,0.019060683,0.755609868,7.85E-06,0.755857957,1
527,12.58626996,12.61887728,0.032607317,0.742661602,3.81E-05,0.741455766,1
528,11.91897581,11.93372717,0.01475136,0.710295086,5.55E-06,0.710470449,1
529,12.1875841,12.20256978,0.014985685,0.722794567,2.88E-06,0.72270362,1
530,11.57230722,11.54137318,-0.03093404,0.690005513,1.52E-05,0.69048555,1
531,12.08540452,12.11295047,0.027545949,0.731714286,7.18E-05,0.729443126,1
532,11.86398969,11.84554255,-0.018447144,0.711461642,4.28E-05,0.710107827,1
533,10.79636003,10.80834329,0.011983259,0.647496311,2.12E-05,0.646826598,1
534,12.2270834,12.24379182,0.016708418,0.749233257,4.08E-05,0.750523181,1
535,11.24710721,11.22565917,-0.021448042,0.676605238,0.000118779,0.672849106,1
536,11.88535813,11.89037966,0.005021527,0.718293168,9.50E-05,0.715289921,1
537,11.8137659,11.81549861,0.001732703,0.714437284,8.30E-05,0.717062415,1
538,12.00059502,12.01466843,0.014073407,0.717095192,0.000143718,0.712550424,1
539,11.74888039,11.76073582,0.01185543,0.713033571,9.52E-05,0.716043123,1
540,11.6613389,11.64968209,-0.011656813,0.706115207,0.000187138,0.700197398,1
541,11.12902305,11.10850972,-0.020513329,0.672245012,2.78E-05,0.671365797,1
542,12.98890143,13.01769815,0.028796719,0.761141233,0.000128976,0.765219804,1
543,12.74208787,12.71467999,-0.027407882,0.745338534,1.12E-05,0.745691658,1
544,12.17377158,12.18637468,0.0126031,0.707514393,2.47E-05,0.70829651,1
545,12.05972058,12.07141606,0.011695483,0.722203094,0.000105627,0.725543319,1
546,12.97022691,12.95827829,-0.01194862,0.739244254,0.000159472,0.734201312,1
547,12.35819389,12.36400892,0.005815033,0.705203001,4.82E-05,0.706727104,1
548,11.08148042,11.0973308,0.015850378,0.687614898,4.21E-05,0.686284637,1
549,12.19119144,12.17615806,-0.015033385,0.72082852,0.000107842,0.724238775,1
550,13.41252016,13.39176499,-0.020755167,0.76406928,2.84E-05,0.763169814,1
551,11.80678016,11.77726914,-0.029511023,0.701595923,6.63E-05,0.703693959,1
552,12.32628216,12.30188909,-0.024393067,0.730325423,5.32E-05,0.728643137,1
553,11.91662714,11.92263385,0.006006706,0.725899482,7.76E-05,0.723444271,1
554,11.15580912,11.20080886,0.044999743,0.670684412,9.20E-05,0.673594748,1
555,11.13117503,11.17241661,0.041241582,0.669953509,5.27E-05,0.671619837,1
556,12.76217266,12.74996824,-0.012204419,0.733028389,4.96E-05,0.734598447,1
557,12.76999461,12.77718986,0.007195246,0.749895998,5.19E-05,0.748255167,1
558,12.43719275,12.45665659,0.019463839,0.725483949,4.68E-05,0.72400256,1
559,10.91376248,10.91693899,0.003176515,0.669957166,4.40E-05,0.668565531,1
560,11.05787872,11.05862328,0.000744558,0.673609978,8.25E-06,0.673349134,1
561,10.36344265,10.36198991,-0.001452734,0.638176616,0.000122074,0.634316296,1
562,12.45660999,12.46749226,0.010882277,0.726965967,0.000130418,0.722841779,1
563,11.40858724,11.42950951,0.020922264,0.698455142,6.09E-05,0.696529041,1
564,13.58283245,13.59236512,0.009532666,0.771488455,2.57E-05,0.772301942,1
565,11.81091727,11.80343941,-0.007477859,0.713122805,5.49E-05,0.711385379,1
566,10.17660761,10.14771129,-0.028896327,0.677966151,8.13E-05,0.680535972,1
567,11.51317652,11.51661156,0.003435043,0.706390819,0.000113156,0.709969125,1
568,11.57222165,11.55493745,-0.017284201,0.673167647,5.79E-05,0.671336582,1
569,12.4759953,12.46157967,-0.014415633,0.727158483,5.35E-05,0.725466967,1
570,11.47716618,11.48294041,0.005774224,0.699557427,7.01E-05,0.701772621,1
571,12.19415122,12.21814388,0.023992656,0.691884954,5.93E-05,0.690008404,1
572,10.77570073,10.77951232,0.003811589,0.669257971,6.99E-05,0.67146967,1
573,12.37708156,12.36197307,-0.015108495,0.705677883,0.000152943,0.710514379,1
574,13.04326826,13.04407631,0.000808047,0.748402693,4.84E-05,0.749932874,1
575,12.31170069,12.34014343,0.028442744,0.729148592,3.73E-05,0.730326916,1
576,11.13683055,11.15329939,0.016468847,0.692842604,2.06E-05,0.692189975,1
577,12.11454572,12.12969907,0.015153346,0.702170702,8.93E-05,0.70499547,1
578,12.89465284,12.86702204,-0.027630804,0.746303995,1.61E-05,0.74681433,1
579,12.99166532,12.98249357,-0.00917175,0.760588489,2.77E-05,0.761464815,1
580,12.271434,12.29977478,0.028340781,0.713689182,7.21E-05,0.715968897,1
581,11.67008273,11.68268721,0.012604488,0.71751494,6.32E-05,0.719513171,1
582,13.1526224,13.11869259,-0.033929807,0.761695153,9.16E-05,0.764590217,1
583,11.80334814,11.78581663,-0.017531502,0.709965035,0.000160744,0.715048197,1
584,11.0234309,11.01910343,-0.004327466,0.674725413,1.00E-05,0.675043041,1
585,12.25920284,12.2388287,-0.020374137,0.71484995,6.69E-05,0.716965484,1
586,12.58367547,12.59785142,0.014175947,0.732989389,1.87E-05,0.733580262,1
587,10.79774091,10.78387409,-0.013866816,0.66716004,8.03E-05,0.669700268,1
588,10.70164615,10.71956333,0.017917175,0.653823785,2.52E-05,0.654621309,1
589,11.76203869,11.76141278,-0.000625914,0.714037682,6.54E-05,0.711968559,1
590,12.45623675,12.44456221,-0.011674541,0.722107732,7.30E-05,0.719799588,1
591,11.23915825,11.22651128,-0.012646966,0.690362966,8.01E-05,0.69289637,1
592,10.64626301,10.63925821,-0.007004798,0.659296207,0.00010929,0.655840144,1
593,11.58505101,11.58334527,-0.001705738,0.680743273,4.38E-05,0.68212788,1
594,11.48024802,11.49354126,0.01329324,0.704383052,4.94E-06,0.704226873,1
595,11.42601093,11.39064785,-0.035363078,0.701051515,6.63E-05,0.703147392,1
596,11.83182699,11.85279721,0.020970227,0.721018857,1.58E-05,0.720519447,1
597,12.36574724,12.37829032,0.01254308,0.740577939,2.83E-05,0.739681915,1
598,11.31960094,11.32743967,0.007838731,0.682027196,2.76E-05,0.681155613,1
599,11.54654961,11.51602353,-0.030526077,0.703790582,0.00016089,0.698702783,1
600,13.08875304,13.07345763,-0.015295408,0.733071095,4.44E-06,0.732930781,1
601,11.66059163,11.64008649,-0.020505147,0.697389938,0.000135461,0.701673586,1
602,12.17002069,12.18303444,0.013013754,0.73511453,1.26E-05,0.735513743,1
603,10.65101722,10.68682283,0.035805604,0.673328548,8.53E-05,0.670629787,1
604,13.31051493,13.28256936,-0.027945572,0.761756262,0.000162849,0.766906004,1
605,10.71543227,10.71121287,-0.004219405,0.66584405,2.71E-05,0.664986562,1
606,11.01831537,11.03621046,0.017895092,0.660320089,0.000109515,0.663783243,1
607,10.25389981,10.26463293,0.010733124,0.654291235,8.41E-06,0.65455734,1
608,11.42879419,11.40856714,-0.020227045,0.701704005,4.67E-05,0.700226406,1
609,12.46994394,12.49753242,0.027588474,0.742904071,2.18E-06,0.742835005,1
610,12.68024883,12.65280845,-0.027440378,0.706007946,1.72E-05,0.706553293,1
611,12.1800023,12.1656763,-0.014326001,0.7159874,9.60E-06,0.715683967,1
612,11.64262662,11.66257686,0.019950244,0.703136745,8.79E-05,0.700357041,1
613,12.85158736,12.86512772,0.013540365,0.755222932,1.59E-05,0.755724762,1
614,12.8063198,12.78922228,-0.01709752,0.737998476,2.54E-06,0.738078688,1
615,10.5440182,10.5436304,-0.000387801,0.641924888,0.000107323,0.638531047,1
616,11.40208362,11.42620745,0.024123836,0.672135581,9.46E-05,0.669143506,1
617,11.7348192,11.73702893,0.002209733,0.696896424,2.84E-05,0.697795342,1
618,12.88689252,12.88155159,-0.005340934,0.753390197,0.000124826,0.757337539,1
619,11.16042772,11.16820575,0.007778033,0.681378397,0.000136422,0.685692437,1
620,12.25844565,12.26790466,0.009459012,0.70771607,1.17E-05,0.708085016,1
621,11.38803527,11.34159242,-0.04644285,0.683271761,5.34E-05,0.68158386,1
622,13.23057077,13.21416936,-0.016401413,0.752806367,3.84E-05,0.7540199,1
623,11.50095789,11.50814652,0.007188629,0.665311137,9.59E-05,0.662278933,1
624,11.78745701,11.821327,0.033869991,0.706058381,2.28E-05,0.705336956,1
625,12.38087749,12.39025131,0.009373819,0.718362162,7.25E-05,0.716069863,1
626,12.76750794,12.77305832,0.00555038,0.737673806,6.12E-05,0.739608306,1
627,12.47968007,12.49054847,0.010868401,0.701569097,7.61E-05,0.699162398,1
628,13.40926204,13.40519065,-0.004071388,0.740786715,8.47E-05,0.738107441,1
629,11.92691913,11.92247397,-0.004445155,0.716267624,3.93E-06,0.716143237,1
630,11.60134602,11.62057807,0.01923205,0.703497949,8.04E-05,0.700955528,1
631,9.943091354,9.948389562,0.005298209,0.636475952,9.67E-05,0.633419023,1
632,11.46873907,11.45600649,-0.012732583,0.691480562,5.98E-05,0.693372455,1
633,12.05709142,12.05911271,0.002021296,0.724034596,0.000140122,0.72846564,1
634,11.93023425,11.94154472,0.01131047,0.69565957,7.02E-05,0.693438293,1
635,10.38677733,10.40126984,0.014492511,0.654802312,6.83E-05,0.65696298,1
636,11.95636567,11.94987327,-0.006492393,0.718518161,1.60E-05,0.719024018,1
637,11.74679453,11.77741991,0.030625381,0.712608705,6.57E-05,0.710532118,1
638,12.12936836,12.12335879,-0.00600957,0.723900008,4.11E-05,0.725199218,1
639,12.49218586,12.46464386,-0.027542001,0.719810037,1.80E-05,0.720379314,1
640,11.85270216,11.86126445,0.008562296,0.710596541,0.000120604,0.714410385,1
641,13.48368311,13.5051512,0.021468094,0.755189098,6.16E-05,0.75324236,1
642,12.30131977,12.26411761,-0.037202158,0.725025705,3.42E-05,0.726107922,1
643,12.55278774,12.54967517,-0.003112573,0.747938363,4.65E-05,0.749408953,1
644,10.77370407,10.73414771,-0.039556368,0.680859829,0.000111558,0.684387616,1
645,11.61155357,11.59228381,-0.01926976,0.713883565,6.08E-05,0.711960134,1
646,11.59851169,11.60064659,0.002134895,0.692152718,2.61E-05,0.691326946,1
647,12.92574324,12.90106989,-0.024673352,0.757987949,0.000148704,0.762690379,1
648,11.06607411,11.0485445,-0.01752961,0.660172137,2.63E-05,0.661005201,1
649,11.22313881,11.19819631,-0.024942498,0.704495853,6.36E-05,0.702483373,1
650,12.94913514,12.94642646,-0.002708682,0.745254965,4.38E-05,0.746639906,1
651,10.76470289,10.7209101,-0.043792785,0.654223559,6.94E-06,0.654004176,1
652,12.49232642,12.50554792,0.0132215,0.726291685,0.000113776,0.729889607,1
653,11.10884861,11.08688613,-0.021962474,0.670406135,4.17E-05,0.669086795,1
654,12.10239481,12.09572476,-0.006670051,0.711949246,0.000101474,0.715158127,1
655,11.87334909,11.88214946,0.008800372,0.705945983,0.00022324,0.71300546,1
656,11.55827504,11.53700804,-0.021266997,0.681052836,9.14E-05,0.678162965,1
657,12.11284593,12.14340988,0.030563943,0.721273581,0.000126674,0.725279356,1
658,11.13234171,11.12838039,-0.003961323,0.697026608,7.16E-05,0.699290164,1
659,12.40252716,12.43908227,0.036555111,0.729343533,3.48E-05,0.730443704,1
660,13.34219787,13.3284939,-0.013703973,0.768199536,7.44E-05,0.7705513,1
661,11.78869414,11.78271058,-0.005983555,0.724186376,0.00014358,0.728726761,1
662,12.78924891,12.77618692,-0.01306199,0.737139609,1.06E-05,0.736805344,1
663,10.96050177,10.976526,0.01602423,0.675392379,2.76E-05,0.674519245,1
664,10.36800372,10.36235101,-0.005652706,0.662007884,3.69E-05,0.660841447,1
665,11.30552863,11.28444621,-0.021082418,0.69171681,6.39E-05,0.689695086,1
666,12.68433939,12.68550951,0.001170124,0.740778915,1.73E-05,0.740233305,1
667,12.70342744,12.71021566,0.006788215,0.714298199,4.69E-05,0.712814813,1
668,10.46015402,10.44254305,-0.017610963,0.677681789,4.56E-05,0.676238539,1
669,12.10364874,12.11250809,0.008859345,0.72493576,2.57E-05,0.725749016,1
670,11.86814518,11.84839556,-0.019749626,0.679064004,7.87E-05,0.676575819,1
671,10.73677844,10.70976653,-0.027011903,0.640179857,0.000116282,0.636502707,1
672,12.45512768,12.46542582,0.010298139,0.75725429,5.38E-05,0.758955142,1
673,11.67739142,11.67762422,0.000232808,0.695116608,4.57E-05,0.693670451,1
674,11.8772313,11.87408332,-0.003147979,0.705071812,4.39E-05,0.703683978,1
675,10.08575007,10.0526693,-0.033080768,0.647398824,2.60E-05,0.648219661,1
676,12.90888793,12.91571941,0.006831475,0.752701205,7.51E-05,0.750326121,1
677,12.48505346,12.5031087,0.018055238,0.713522281,0.000150309,0.718275478,1
678,12.25780991,12.24472367,-0.013086243,0.7313621,5.79E-05,0.733191497,1
679,11.68577978,11.67828422,-0.007495556,0.688725577,5.87E-05,0.686868663,1
680,11.67597358,11.66481853,-0.011155051,0.682053245,0.000123214,0.685949601,1
681,12.22481087,12.20761677,-0.0171941,0.707164469,3.14E-06,0.70706529,1
682,11.49054112,11.49405607,0.003514946,0.695133422,8.15E-05,0.697712122,1
683,12.49940927,12.51088331,0.01147404,0.721731855,7.39E-05,0.724068648,1
684,12.82288311,12.83890405,0.016020945,0.73882404,7.23E-05,0.736539106,1
685,13.25791397,13.22197007,-0.0359439,0.752991081,9.01E-05,0.750142423,1
686,11.36403476,11.35616924,-0.007865517,0.708800906,0.000137388,0.704456327,1
687,12.00781661,12.00129525,-0.006521361,0.700876889,1.65E-05,0.700354685,1
688,12.14660379,12.13854604,-0.008057751,0.732790148,5.97E-05,0.734679142,1
689,11.21867629,11.19308572,-0.025590573,0.707360636,2.20E-05,0.708056111,1
690,12.53083039,12.51203166,-0.01879873,0.701504151,3.32E-05,0.702553085,1
691,12.28765453,12.2901463,0.002491774,0.713565541,6.79E-05,0.711419466,1
692,11.27056404,11.31247818,0.041914142,0.685634241,0.000170518,0.680241986,1
693,11.31625357,11.30698107,-0.009272493,0.691867674,1.79E-06,0.691811218,1
694,12.43976523,12.4386519,-0.001113333,0.713215402,3.51E-05,0.714326748,1
695,12.52380182,12.53105046,0.00724864,0.72506781,3.70E-05,0.726237157,1
696,13.26358629,13.29011207,0.02652578,0.774575159,1.85E-05,0.775159161,1
697,12.07737166,12.08047595,0.003104289,0.699821872,6.86E-06,0.69960505,1
698,11.51481149,11.51339634,-0.001415144,0.693241654,8.82E-05,0.690451898,1
699,12.26245433,12.24262549,-0.01982884,0.717796404,0.000117768,0.721520556,1
700,12.9701144,12.97041375,0.000299349,0.748053907,3.84E-05,0.74926922,1
701,11.89746443,11.88666011,-0.01080432,0.70741258,4.05E-05,0.708694161,1
702,11.4694349,11.47582145,0.006386555,0.69557456,2.01E-05,0.696211401,1
703,12.48489927,12.48627754,0.001378271,0.7131047,4.87E-05,0.714645972,1
704,12.99385097,12.96703194,-0.026819034,0.737979614,0.000121986,0.734122067,1
705,11.58701719,11.58586037,-0.001156823,0.687865936,2.16E-05,0.687181825,1
706,12.39740382,12.38868843,-0.008715392,0.743493917,3.33E-05,0.742441431,1
707,11.08219594,11.09605748,0.013861538,0.682358187,4.76E-05,0.680853247,1
708,11.47768246,11.49700824,0.019325775,0.682034586,3.20E-05,0.683047217,1
709,12.76171513,12.77953493,0.017819807,0.751364675,5.83E-05,0.753206859,1
710,11.97376672,11.95944816,-0.014318552,0.718404564,7.62E-05,0.72081522,1
711,11.95821867,11.93430689,-0.02391178,0.722936101,8.15E-05,0.72551374,1
712,12.39084948,12.39867139,0.007821907,0.726312036,5.59E-05,0.728080703,1
713,10.81718656,10.81680967,-0.000376887,0.65443483,7.12E-06,0.654209742,1
714,10.72763839,10.70094263,-0.02669576,0.657414848,2.49E-05,0.656626159,1
715,12.13277587,12.13747966,0.004703794,0.691634114,3.68E-05,0.692797302,1
716,13.07333133,13.05543514,-0.017896195,0.744739059,8.56E-05,0.742030708,1
717,11.80332026,11.81230645,0.008986189,0.693436038,8.63E-06,0.693708933,1
718,11.72418715,11.75532556,0.031138408,0.700509407,0.000155143,0.695603347,1
719,10.44065044,10.46867656,0.028026118,0.673437318,0.000170294,0.67882248,1
720,10.59735257,10.62711666,0.029764082,0.682912172,5.95E-05,0.681030722,1
721,11.78763861,11.77018294,-0.017455672,0.698499848,2.84E-05,0.699398698,1
722,10.45720303,10.45235597,-0.004847057,0.640408608,1.32E-05,0.639991804,1
723,11.82571105,11.78171978,-0.043991263,0.704708546,9.38E-05,0.707673869,1
724,13.58867017,13.55483917,-0.033830996,0.759627132,1.61E-05,0.76013669,1
725,11.88017946,11.91840579,0.038226331,0.706065695,3.76E-05,0.704875243,1
726,12.73453317,12.74863797,0.014104799,0.73508144,6.25E-05,0.737057284,1
727,11.17419025,11.17993852,0.005748269,0.672995752,7.04E-05,0.670769738,1
728,10.31565671,10.29798383,-0.017672873,0.637328304,0.000150362,0.642083161,1
729,13.590581,13.57873013,-0.011850878,0.785207005,7.78E-06,0.784960887,1
730,13.17589949,13.19755542,0.021655935,0.743299931,0.000112497,0.746857409,1
731,12.99694172,13.02591801,0.028976289,0.755242021,7.58E-05,0.75763913,1
732,11.15590901,11.1543624,-0.001546608,0.687342864,9.42E-05,0.684364509,1
733,12.48666434,12.47881249,-0.007851849,0.731544222,7.80E-05,0.734011598,1
734,11.35310012,11.35648072,0.003380596,0.679340185,1.19E-05,0.678964083,1
735,12.48920466,12.45858123,-0.030623437,0.736526823,4.73E-06,0.736676332,1
736,12.15070255,12.16845585,0.017753308,0.722688924,0.000104124,0.725981614,1
737,10.67653543,10.69135099,0.014815563,0.672077986,2.52E-06,0.672157663,1
738,11.34544643,11.36347475,0.018028323,0.700775556,4.96E-06,0.700618706,1
739,9.351468233,9.346168483,-0.005299751,0.600478599,0.000160242,0.595411315,1
740,12.78917785,12.7615618,-0.02761605,0.734366695,5.54E-05,0.736119002,1
741,12.19311727,12.21183469,0.018717422,0.718163885,0.000137661,0.713810668,1
742,12.76999419,12.77501352,0.005019329,0.718254467,7.83E-05,0.715778146,1
743,11.53229987,11.53575445,0.003454579,0.681693472,2.71E-05,0.682551854,1
744,13.08080231,13.07150316,-0.009299151,0.759932486,1.83E-05,0.760511051,1
745,13.51881866,13.51608398,-0.002734689,0.775561304,6.53E-05,0.773496443,1
746,11.97504378,12.00077501,0.025731225,0.713270634,1.89E-05,0.712672386,1
747,12.70106444,12.70768945,0.006625013,0.738716828,0.000177913,0.744342942,1
748,12.00159957,12.01781226,0.016212694,0.704775751,4.91E-05,0.703224186,1
749,13.16726605,13.18649569,0.019229644,0.781924327,1.03E-05,0.782248715,1
750,11.40257544,11.38492671,-0.017648734,0.674705057,3.41E-06,0.674597366,1
751,11.3503664,11.36549196,0.015125551,0.698279943,3.44E-05,0.699368754,1
752,10.85310416,10.83785097,-0.01525319,0.681818687,6.99E-05,0.679607087,1
753,12.38336144,12.37465477,-0.008706667,0.725001253,8.45E-05,0.727673421,1
754,12.20675979,12.21979905,0.013039252,0.740684952,0.000103508,0.743958154,1
755,11.82923473,11.81792402,-0.011310706,0.697274176,1.61E-05,0.696765412,1
756,10.70847525,10.70073497,-0.007740281,0.646142346,8.99E-05,0.648985052,1
757,12.23501702,12.22777897,-0.007238051,0.729216834,7.23E-05,0.731502467,1
758,11.64037476,11.62936862,-0.011006145,0.681414598,6.61E-05,0.68350577,1
759,12.97703567,12.95127381,-0.025761855,0.747948806,1.51E-05,0.747471509,1
760,12.27805778,12.27590978,-0.002148,0.716552716,4.73E-06,0.716403154,1
761,11.50681074,11.52605213,0.019241388,0.697738548,7.94E-05,0.700250262,1
762,11.12325404,11.11980732,-0.00344672,0.680708501,4.76E-06,0.680558008,1
763,12.65890049,12.63098426,-0.02791623,0.735252549,7.35E-05,0.737577486,1
764,11.31214168,11.27612873,-0.036012948,0.691848551,1.31E-05,0.691435504,1
765,12.38903245,12.36972851,-0.019303943,0.716381381,0.000168906,0.72172266,1
766,11.85712318,11.85551372,-0.001609468,0.719221806,6.77E-05,0.721363609,1
767,11.66663935,11.65165519,-0.01498416,0.715780961,0.000127925,0.719826315,1
768,12.20660559,12.23413695,0.02753136,0.713419508,8.54E-05,0.71071737,1
769,12.2751611,12.283132,0.007970901,0.723604292,3.21E-05,0.722590534,1
770,11.49603489,11.50376771,0.007732821,0.70265454,9.96E-05,0.699505667,1
771,12.53669644,12.52765184,-0.009044594,0.740914589,3.51E-05,0.742024368,1
772,12.27123253,12.28196932,0.010736789,0.727554752,0.000106303,0.730916344,1
773,13.17819662,13.15688544,-0.021311177,0.77759712,1.26E-05,0.777996589,1
774,10.75345389,10.75213507,-0.001318821,0.679753817,2.38E-05,0.679000407,1
775,11.01155331,11.01482776,0.003274451,0.67966438,5.94E-05,0.681543739,1
776,11.98453006,11.98380038,-0.000729685,0.694575467,1.45E-05,0.694117681,1
777,12.16854844,12.19092253,0.022374089,0.714783707,9.83E-06,0.715094711,1
778,12.85001685,12.88111112,0.031094274,0.716041675,0.000134192,0.720285212,1
779,11.68177015,11.69798675,0.016216604,0.694552369,0.000152728,0.68972268,1
780,11.53330688,11.50309497,-0.030211913,0.690921538,4.22E-06,0.691055082,1
781,13.34151961,13.2959395,-0.045580112,0.764668164,1.08E-05,0.764325778,1
782,11.60782005,11.60796235,0.000142302,0.674406395,4.21E-05,0.675738698,1
783,11.36878525,11.36017069,-0.008614561,0.691566612,8.19E-05,0.688977461,1
784,11.13413595,11.16751111,0.033375158,0.679568619,0.000112034,0.676025782,1
785,11.10205099,11.13107594,0.029024944,0.685840512,6.42E-07,0.685820204,1
786,11.46409921,11.46727606,0.003176845,0.684106288,5.33E-05,0.685791698,1
787,13.2560878,13.20054619,-0.055541619,0.757259207,0.000123683,0.761170414,1
788,11.96826192,11.92526952,-0.042992407,0.701962176,6.18E-05,0.70000913,1
789,11.98259053,11.99701509,0.014424562,0.720776991,3.17E-05,0.721778956,1
790,12.47328729,12.43182908,-0.041458212,0.724937172,8.08E-05,0.722382483,1
791,12.27553985,12.3081713,0.032631452,0.719467401,6.13E-05,0.717528925,1
792,11.98715648,11.9463499,-0.040806586,0.724372842,3.14E-05,0.723379294,1
793,13.91834006,13.92503045,0.006690394,0.773499053,1.67E-05,0.774028443,1
794,12.24608794,12.24819764,0.002109703,0.724064264,1.38E-05,0.723629441,1
795,11.3620941,11.36472813,0.002634032,0.690865909,4.53E-06,0.691009152,1
796,13.80315476,13.82230124,0.019146484,0.770673727,5.85E-05,0.76882442,1
797,11.36038484,11.35569242,-0.004692422,0.662799174,2.44E-05,0.663570319,1
798,12.49971438,12.52309073,0.023376352,0.74366005,0.00015216,0.748471776,1
799,10.04039405,10.04676158,0.006367529,0.635433301,0.000146274,0.640058887,1
800,10.82830707,10.85285427,0.0245472,0.652749368,4.24E-05,0.654088838,1
801,12.94212303,12.94212299,-4.41E-08,0.760061702,5.09E-05,0.761671573,1
802,12.32850425,12.33407879,0.005574538,0.708523882,3.09E-05,0.709500604,1
803,13.05039692,13.026021,-0.024375924,0.742539927,3.07E-05,0.741569098,1
804,13.44725593,13.49257332,0.045317383,0.745427046,2.55E-05,0.74461924,1
805,11.78238731,11.7702232,-0.012164106,0.705441216,6.81E-05,0.703286974,1
806,11.00721012,11.0097376,0.002527482,0.666254006,0.000164851,0.671467065,1
807,12.7923984,12.79241229,1.39E-05,0.737625784,9.56E-05,0.734604009,1
808,12.23974416,12.23379947,-0.005944691,0.727212342,7.20E-05,0.724934343,1
809,12.00354486,11.98299708,-0.020547774,0.686327695,0.000116231,0.682652148,1
810,11.95836426,11.94163053,-0.016733729,0.712453922,5.68E-05,0.710658236,1
811,10.2297641,10.24996139,0.020197289,0.637224201,4.01E-06,0.637350858,1
812,12.07957871,12.07943253,-0.000146185,0.707593164,6.75E-06,0.70737986,1
813,11.59228438,11.6093786,0.01709422,0.706019912,0.000122332,0.709888386,1
814,12.44564582,12.44312148,-0.002524346,0.736196836,1.07E-05,0.736534598,1
815,12.68399654,12.66754404,-0.016452497,0.746621261,0.000110301,0.743133226,1
816,12.17702444,12.20049788,0.023473439,0.694824263,4.67E-05,0.696299582,1
817,11.97255746,11.97845543,0.005897972,0.710868176,0.000190123,0.704855947,1
818,12.58377235,12.56313594,-0.020636414,0.730565815,5.25E-05,0.728906977,1
819,10.74355053,10.74470363,0.001153103,0.647770725,7.33E-05,0.645454184,1
820,11.28215346,11.28467797,0.002524504,0.680396022,6.39E-05,0.682415633,1
821,12.47163413,12.45830506,-0.013329069,0.733097986,0.000103305,0.736364781,1
822,12.57982607,12.59054367,0.010717602,0.732859297,9.16E-05,0.72996411,1
823,13.04736729,13.07891777,0.031550476,0.746834457,0.00012854,0.742769663,1
824,12.36796182,12.38879541,0.020833589,0.71634548,3.89E-05,0.715115379,1
825,11.90592831,11.90797027,0.002041962,0.699241202,5.25E-05,0.697579916,1
826,11.06779038,11.08916598,0.021375603,0.691853336,3.01E-05,0.690901706,1
827,10.56327588,10.57417756,0.010901671,0.649967572,7.57E-05,0.652361623,1
828,13.01732551,13.02725146,0.009925949,0.72797875,5.26E-05,0.726314716,1
829,12.52480803,12.52820756,0.00339953,0.747132514,7.66E-05,0.749554399,1
830,11.474562,11.43191575,-0.042646251,0.696279686,1.68E-05,0.696809602,1
831,11.22229811,11.21652556,-0.005772552,0.677768075,0.0001295,0.673672926,1
832,12.89795038,12.91094949,0.012999106,0.755746815,5.80E-05,0.75757996,1
833,11.24675083,11.2414087,-0.005342125,0.665832558,5.85E-05,0.663982039,1
834,13.18727655,13.22016375,0.032887193,0.747155724,0.000124312,0.751086817,1
835,12.32449217,12.28290374,-0.04158843,0.707138109,0.000113409,0.710724432,1
836,13.13130632,13.11686556,-0.014440764,0.73553609,0.000169178,0.730186216,1
837,13.94377442,13.9234557,-0.020318712,0.775497313,2.06E-05,0.774847295,1
838,13.66092796,13.65433717,-0.006590784,0.770495156,7.03E-05,0.772717823,1
839,12.66971987,12.68392941,0.014209541,0.752372833,3.71E-09,0.752372716,1
840,11.3371295,11.3758569,0.038727405,0.677731466,9.13E-06,0.677442786,1
841,11.25771177,11.29524088,0.037529112,0.68773106,2.47E-05,0.686949951,1
842,10.95649513,10.96221633,0.005721208,0.66352219,0.000160492,0.65844699,1
843,13.44187888,13.42551419,-0.016364687,0.792047584,0.00013801,0.787683317,1
844,12.46209005,12.48179986,0.01970981,0.719337722,5.80E-05,0.721170998,1
845,13.42953519,13.44383343,0.014298247,0.787509954,9.95E-05,0.78436314,1
846,12.58255417,12.56919278,-0.013361387,0.757653263,0.00011642,0.761334776,1
847,11.09001411,11.09737734,0.007363236,0.654240775,3.04E-05,0.655202963,1
848,10.52988029,10.55821181,0.028331517,0.650890785,6.29E-06,0.650691903,1
849,11.13136831,11.10294466,-0.028423645,0.672400525,3.10E-05,0.671420124,1
850,11.82693127,11.85141662,0.024485355,0.705791619,8.05E-05,0.708336371,1
851,13.11412805,13.11481538,0.00068733,0.748129633,2.87E-06,0.748038843,1
852,11.5187875,11.49709769,-0.021689805,0.694124494,2.84E-06,0.694034761,1
853,12.9298499,12.92343503,-0.00641487,0.758771783,1.88E-05,0.758177605,1
854,11.85813837,11.83922205,-0.018916326,0.708279742,4.52E-05,0.706849927,1
855,11.65430892,11.66345577,0.009146852,0.671711197,0.000143786,0.667164283,1
856,9.931039597,9.929175675,-0.001863922,0.637753864,7.37E-06,0.63752073,1
857,13.46764215,13.46220349,-0.005438665,0.773731243,2.19E-05,0.774424192,1
858,11.35398536,11.34079394,-0.013191422,0.700605066,7.70E-05,0.698169195,1
859,12.68827127,12.71434759,0.026076317,0.743275869,5.65E-05,0.741488307,1
860,13.33331792,13.31963976,-0.013678153,0.756071202,1.02E-05,0.75574899,1
861,12.60038791,12.58923225,-0.011155663,0.72478799,0.000117393,0.728500272,1
862,12.45917629,12.4548042,-0.004372089,0.731273669,0.000130277,0.727153934,1
863,11.80416159,11.81699004,0.012828451,0.695672088,0.000139297,0.691267122,1
864,11.44518296,11.43248247,-0.012700491,0.707322445,0.000158954,0.712349009,1
865,12.5182193,12.50998832,-0.008230981,0.729364008,6.87E-05,0.731535716,1
866,11.3432665,11.30270295,-0.040563544,0.69681994,8.81E-06,0.697098611,1
867,12.77821857,12.78626148,0.008042903,0.728045221,4.06E-06,0.728173482,1
868,12.84478599,12.87575381,0.030967821,0.753498773,8.60E-05,0.750779339,1
869,11.33218232,11.35573521,0.023552887,0.678453026,2.27E-05,0.679172246,1
870,13.21662814,13.20363255,-0.012995595,0.789267351,1.66E-06,0.789319847,1
871,12.04306441,12.05236426,0.009299854,0.698714,8.26E-05,0.701325683,1
872,10.98708842,10.98830065,0.001212227,0.665062807,2.26E-05,0.664346978,1
873,12.3268409,12.31953875,-0.007302148,0.743036234,3.07E-05,0.742066725,1
874,12.53868233,12.5329827,-0.005699626,0.749177997,7.13E-05,0.75143405,1
875,10.77314075,10.7987395,0.025598744,0.64422839,8.20E-05,0.646821098,1
876,12.91842137,12.89806098,-0.020360388,0.736538246,2.66E-05,0.737378223,1
877,12.30640335,12.29430888,-0.012094473,0.717331438,0.000104346,0.720631133,1
878,11.58652295,11.59018661,0.003663664,0.684918781,2.92E-05,0.685840888,1
879,11.90202226,11.91645559,0.014433331,0.690237352,1.03E-05,0.69056383,1
880,10.77259984,10.81623376,0.043633919,0.669637845,4.87E-05,0.671178189,1
881,12.54075804,12.51375363,-0.027004409,0.720523899,5.27E-05,0.722189868,1
882,12.78697871,12.78315261,-0.003826106,0.728280416,2.46E-05,0.729058546,1
883,12.42583763,12.44415076,0.018313133,0.73177599,0.000176921,0.726181265,1
884,10.83816857,10.82343025,-0.014738321,0.646805216,0.000115399,0.643155981,1
885,12.58976476,12.59277682,0.003012059,0.730296558,7.93E-05,0.727789629,1
886,12.08725515,12.08062732,-0.006627827,0.720968517,1.71E-05,0.720428359,1
887,12.03495549,12.02453626,-0.010419226,0.701929503,6.03E-05,0.703837624,1
888,12.65755258,12.67227529,0.014722708,0.731740998,7.37E-05,0.729411266,1
889,12.10802599,12.10381103,-0.004214959,0.698270174,9.15E-07,0.698299113,1
890,11.53162079,11.53333988,0.001719093,0.688101692,3.78E-05,0.689298158,1
891,12.03200556,12.05466575,0.022660189,0.691625823,6.02E-05,0.693530519,1
892,11.53400284,11.53669932,0.002696481,0.707049826,7.64E-05,0.704635407,1
893,13.56389862,13.55985573,-0.004042886,0.758818136,1.16E-05,0.758452239,1
894,12.17513018,12.20018,0.025049814,0.72892073,6.88E-05,0.731095609,1
895,12.958858,12.93731842,-0.021539584,0.767547779,2.40E-05,0.768306325,1
896,13.34334387,13.34243742,-0.000906452,0.749789065,2.27E-05,0.749071454,1
897,12.60391222,12.60933153,0.005419312,0.73539984,4.81E-05,0.733879099,1
898,11.2916732,11.26725429,-0.024418909,0.677493643,8.63E-05,0.680223501,1
899,12.37156167,12.39952493,0.027963263,0.717667325,4.01E-06,0.717794256,1
900,11.69333911,11.67163543,-0.021703681,0.703789606,0.000143353,0.699256391,1
901,13.83614603,13.84304992,0.00690389,0.780937634,6.93E-05,0.783130518,1
902,11.1238957,11.10117339,-0.022722312,0.652171014,6.13E-05,0.650232879,1
903,11.91803417,11.91811577,8.16E-05,0.705786343,7.99E-05,0.703261077,1
904,12.17822308,12.16203672,-0.016186354,0.708536972,0.000104092,0.705245304,1
905,12.51039317,12.46396554,-0.046427625,0.721932589,1.21E-05,0.722313789,1
906,11.36098527,11.38118015,0.020194889,0.688018818,5.38E-06,0.688188859,1
907,12.05723666,12.07226288,0.015026216,0.718566054,3.57E-06,0.718679008,1
908,12.02279219,12.04278196,0.019989766,0.713222061,6.26E-05,0.711243581,1
909,11.83298873,11.814048,-0.018940739,0.690943705,8.82E-05,0.693732574,1
910,10.66148139,10.64810994,-0.013371454,0.657782273,5.08E-05,0.659388471,1
911,11.81734907,11.81035396,-0.006995109,0.715320457,2.85E-05,0.716222492,1
912,12.39809568,12.36491142,-0.033184254,0.710056966,2.51E-05,0.710852268,1
913,11.63451917,11.63374142,-0.000777747,0.692709324,5.77E-05,0.69453378,1
914,10.79796892,10.77449803,-0.023470891,0.693322407,9.39E-05,0.696292332,1
915,11.54637337,11.55834399,0.011970614,0.698262659,1.99E-05,0.698890882,1
916,12.24302572,12.26690677,0.023881052,0.708708876,0.000203648,0.702268963,1
917,10.84189727,10.83078853,-0.011108736,0.681644391,9.10E-06,0.681356484,1
918,13.15171319,13.14321877,-0.008494419,0.757819092,5.08E-05,0.756211701,1
919,13.86229436,13.85277903,-0.009515331,0.794416861,6.70E-05,0.792298073,1
920,11.08363329,11.0836001,-3.32E-05,0.691136926,5.27E-05,0.689470691,1
921,12.58977419,12.57725292,-0.01252127,0.73214525,1.10E-05,0.73179808,1
922,12.73630222,12.75872135,0.02241913,0.707911928,4.92E-05,0.709469167,1
923,11.69881947,11.70805595,0.009236481,0.715958655,7.16E-05,0.713695466,1
924,11.9227113,11.92943605,0.006724749,0.715887234,9.00E-05,0.71873441,1
925,12.84876972,12.84543151,-0.003338204,0.747343332,7.93E-05,0.749850997,1
926,11.8300509,11.81388193,-0.016168979,0.696698315,3.19E-05,0.695688147,1
927,10.98452601,10.97588989,-0.008636121,0.687439205,8.58E-05,0.684726855,1
928,12.5513595,12.54947028,-0.00188922,0.732935405,5.77E-05,0.734758496,1
929,11.26968378,11.26041296,-0.009270814,0.684977087,1.74E-05,0.685528348,1
930,11.4397572,11.44132705,0.001569853,0.688204018,0.000143532,0.683665144,1
931,12.68985659,12.70408761,0.014231018,0.750098768,9.01E-06,0.749813869,1
932,12.88179379,12.88386891,0.002075118,0.733236369,0.000278849,0.724418399,1
933,13.32828216,13.29894645,-0.029335708,0.756544082,0.000130325,0.752422839,1
934,12.73461605,12.70674556,-0.027870493,0.753879631,7.86E-05,0.751393257,1
935,12.94519054,12.94385377,-0.001336769,0.760565103,3.67E-05,0.761726393,1
936,10.81858538,10.80383805,-0.014747337,0.675503225,6.59E-05,0.673418908,1
937,11.00422151,10.9970501,-0.007171416,0.680868712,0.000129606,0.676770196,1
938,12.4204742,12.4146893,-0.005784907,0.727341991,3.00E-05,0.728289626,1
939,12.5110905,12.48895613,-0.022134373,0.725851743,6.29E-05,0.72386154,1
940,12.17609996,12.18113384,0.005033882,0.714408576,4.33E-05,0.713038766,1
941,11.31910604,11.34643238,0.027326344,0.692392748,0.000116792,0.688699456,1
942,12.88323076,12.89009173,0.006860977,0.738515195,2.27E-05,0.737795792,1
943,13.05156351,13.08747495,0.035911436,0.755027924,5.55E-07,0.755045473,1
944,11.80271712,11.83091986,0.028202741,0.704778706,5.45E-05,0.703056069,1
945,11.79656088,11.77967366,-0.016887217,0.706069931,5.32E-05,0.707751726,1
946,13.2144573,13.19243683,-0.022020463,0.75544764,0.000140318,0.751010381,1
947,12.9439679,12.92650602,-0.017461879,0.748725505,1.15E-05,0.749089953,1
948,13.9781457,14.01297957,0.034833868,0.779309895,9.19E-05,0.776403237,1
949,10.73782609,10.75376879,0.015942701,0.679239836,6.88E-05,0.67706394,1
950,11.12258161,11.09913529,-0.023446314,0.673061647,1.73E-05,0.6725159,1
951,12.17021369,12.20944607,0.039232382,0.72543751,4.39E-05,0.724048474,1
952,10.93637568,10.94594467,0.009568995,0.674945836,0.00015624,0.679886589,1
953,12.12772785,12.16629798,0.03857013,0.705996578,8.85E-05,0.703198322,1
954,13.07478526,13.06645003,-0.008335234,0.76841924,1.40E-05,0.768860449,1
955,11.41436059,11.46097792,0.04661733,0.699735018,0.000110414,0.696243432,1
956,12.28302209,12.27570009,-0.007322003,0.71178088,0.000107524,0.71518109,1
957,12.40888261,12.42007995,0.01119734,0.714199971,4.66E-05,0.715674354,1
958,12.57571076,12.57694272,0.001231963,0.730561868,0.000150447,0.725804321,1
959,11.00933346,11.01689267,0.007559219,0.694314357,0.000102276,0.697548598,1
960,12.00764494,12.01795646,0.010311512,0.713684319,0.000143768,0.709137978,1
961,12.94092735,12.95346145,0.012534096,0.748446989,5.51E-05,0.75018867,1
962,13.17467922,13.13412212,-0.040557101,0.775285957,0.00013025,0.779404836,1
963,11.95364518,11.95568449,0.002039318,0.692690204,8.87E-06,0.692970694,1
964,12.83100249,12.84722978,0.016227288,0.727800271,0.000114162,0.731410401,1
965,11.8127734,11.80642796,-0.006345437,0.707402956,1.49E-05,0.706930206,1
966,12.33337708,12.3425228,0.009145714,0.701840576,1.63E-05,0.702355776,1
967,10.85181102,10.85777618,0.005965155,0.667267068,0.000101314,0.66406323,1
968,12.39885211,12.38337309,-0.015479022,0.722161331,8.68E-05,0.724906601,1
969,11.31256108,11.29785099,-0.014710092,0.673467864,1.10E-06,0.67343305,1
970,12.63317988,12.62808178,-0.005098094,0.749002037,6.51E-05,0.746942431,1
971,12.64384,12.64105709,-0.002782904,0.725921706,0.000139968,0.721495534,1
972,12.26966076,12.24999555,-0.019665211,0.740327026,0.000133661,0.73610028,1
973,10.97241547,10.96904804,-0.003367431,0.674432866,3.46E-05,0.673340059,1
974,12.5888486,12.58926076,0.000412166,0.741148328,5.79E-05,0.742979497,1
975,11.49508094,11.49937387,0.004292924,0.688207368,5.91E-05,0.686339122,1
976,10.81951358,10.81720763,-0.002305942,0.661019704,0.000119395,0.664795297,1
977,11.21477653,11.21389547,-0.000881052,0.707185053,5.72E-05,0.70899415,1
978,12.52270241,12.53923937,0.016536952,0.754228874,8.80E-05,0.757013229,1
979,14.29923556,14.2808759,-0.018359655,0.805269762,2.92E-05,0.806193041,1
980,11.81565105,11.82864583,0.012994776,0.681300721,0.000104373,0.678000168,1
981,12.62806665,12.63061077,0.002544112,0.716321675,2.97E-05,0.71726202,1
982,11.89290155,11.89954386,0.006642318,0.689838844,3.16E-05,0.690838978,1
983,12.22515954,12.21265559,-0.012503943,0.714973678,4.97E-05,0.713402533,1
984,11.4401847,11.43250032,-0.007684382,0.689338521,0.000105807,0.685992602,1
985,12.0528567,12.04455387,-0.008302828,0.703625824,3.93E-05,0.702384521,1
986,12.05075497,12.03004313,-0.020711844,0.717994934,8.93E-05,0.715172517,1
987,11.70575142,11.72535546,0.019604034,0.694258788,3.96E-05,0.695510752,1
988,10.09185564,10.10338876,0.011533123,0.671950629,0.000160556,0.666873396,1
989,12.28603035,12.26889333,-0.017137021,0.700437833,9.87E-05,0.703558156,1
990,13.89125833,13.89411053,0.002852206,0.788526577,3.50E-05,0.78963359,1
991,13.18645706,13.20053297,0.014075915,0.716261158,3.44E-05,0.715172325,1
992,11.92409895,11.9210135,-0.00308545,0.727965432,1.87E-05,0.727375652,1
993,10.73815244,10.72611833,-0.012034118,0.673456296,0.000114368,0.677072945,1
994,11.69364932,11.67663442,-0.017014896,0.691605057,8.91E-05,0.68878641,1
995,10.74265482,10.78130967,0.038654841,0.657773437,3.49E-05,0.65887556,1
996,12.96757588,13.02463796,0.057062074,0.733544304,9.76E-06,0.733235702,1
997,10.95189074,10.94235841,-0.009532332,0.670010858,5.67E-05,0.668217283,1
998,9.34881562,9.357363505,0.008547885,0.603685783,0.000148656,0.608386689,1
999,13.29648467,13.32138128,0.024896614,0.753529533,3.03E-05,0.754489125,1
1000,12.65472945,12.66923561,0.014506155,0.730878603,2.48E-05,0.731662543,1